scanner,device,os_version,app_version,payload_id,payload_sha256,actual_behavior,result,tested_at,evidence,notes
PhonePe,NOT PROVIDED,NOT PROVIDED,NOT PROVIDED,https-page,2eb20c9682ea03b33e48ad2105b51c4950788e8c164134f03e450bc6c28f8a28,NOT TESTED,UNVERIFIED,,,Real phone required
PhonePe,NOT PROVIDED,NOT PROVIDED,NOT PROVIDED,upi-payment,N/A until TEST_MERCHANT_VPA is supplied,NOT TESTED,UNVERIFIED,,,Verified merchant VPA required
Paytm,NOT PROVIDED,NOT PROVIDED,NOT PROVIDED,https-page,2eb20c9682ea03b33e48ad2105b51c4950788e8c164134f03e450bc6c28f8a28,NOT TESTED,UNVERIFIED,,,Real phone required
Paytm,NOT PROVIDED,NOT PROVIDED,NOT PROVIDED,upi-payment,N/A until TEST_MERCHANT_VPA is supplied,NOT TESTED,UNVERIFIED,,,Verified merchant VPA required
BHIM,NOT PROVIDED,NOT PROVIDED,NOT PROVIDED,https-page,2eb20c9682ea03b33e48ad2105b51c4950788e8c164134f03e450bc6c28f8a28,NOT TESTED,UNVERIFIED,,,Real phone required
BHIM,NOT PROVIDED,NOT PROVIDED,NOT PROVIDED,upi-payment,N/A until TEST_MERCHANT_VPA is supplied,NOT TESTED,UNVERIFIED,,,Verified merchant VPA required
Google Pay,NOT PROVIDED,NOT PROVIDED,NOT PROVIDED,https-page,2eb20c9682ea03b33e48ad2105b51c4950788e8c164134f03e450bc6c28f8a28,NOT TESTED,UNVERIFIED,,,Real phone required
Google Pay,NOT PROVIDED,NOT PROVIDED,NOT PROVIDED,upi-payment,N/A until TEST_MERCHANT_VPA is supplied,NOT TESTED,UNVERIFIED,,,Verified merchant VPA required
Android camera,NOT PROVIDED,NOT PROVIDED,NOT PROVIDED,https-page,2eb20c9682ea03b33e48ad2105b51c4950788e8c164134f03e450bc6c28f8a28,NOT TESTED,UNVERIFIED,,,Real phone required
Android camera,NOT PROVIDED,NOT PROVIDED,NOT PROVIDED,upi-payment,N/A until TEST_MERCHANT_VPA is supplied,NOT TESTED,UNVERIFIED,,,Real phone required
iPhone camera,NOT PROVIDED,NOT PROVIDED,NOT PROVIDED,https-page,2eb20c9682ea03b33e48ad2105b51c4950788e8c164134f03e450bc6c28f8a28,NOT TESTED,UNVERIFIED,,,Real phone required
iPhone camera,NOT PROVIDED,NOT PROVIDED,NOT PROVIDED,upi-payment,N/A until TEST_MERCHANT_VPA is supplied,NOT TESTED,UNVERIFIED,,,Real phone required
